{"334487ce-dd8f-ea44-1f57-246497826df8":{"imageid":5,"priority":1,"scale":0.968639186024666},"5d228466-2136-1a2b-4cb8-8771b58bcd20":{"imageid":1,"priority":0,"scale":1.06215553283691},"6924166f-fb02-fbe7-f9dd-8d1b46025542":{"imageid":7,"priority":2,"scale":0.968639186024666},"9eae65be-0263-87aa-e826-c97aa462fb70":{"imageid":3,"priority":2,"scale":0.970311602950096},"c4cd7f85-44e8-2c18-8e7b-5a212dc95ad9":{"imageid":6,"priority":1,"scale":0.968639186024666},"cf10fa23-a05f-5632-e96e-25f5fd7c4723":{"imageid":4,"priority":0,"scale":1.11402631402016},"f2e3a367-5649-2cb2-3667-2c6345447e67":{"imageid":0,"priority":0,"scale":0.666032910346985},"fbbca7d8-301f-8ac4-9baf-3210f4f7cf24":{"imageid":2,"priority":1,"scale":0.968639186024666}}
