{"1d139429-58ca-6ff1-cca8-bd731734f91b":{"imageid":3,"priority":0,"scale":1.07794884443283},"22acbe66-e5a2-de88-8f25-8a1c72ef88bf":{"imageid":5.0,"priority":1.0,"scale":0.987052515149117},"22dd62b8-d3d9-003d-d12a-9145991d6aeb":{"imageid":1.0,"priority":1.0,"scale":1.06238898932934},"45491eb8-3bc0-f641-feb1-e3c716b019b8":{"imageid":2,"priority":0,"scale":0.972086244821548},"825bb8e0-3026-cf83-76d9-c9d7ffe567cf":{"imageid":4,"priority":0,"scale":1.22004608213901},"8c55cc8f-b825-4d1f-413c-bdf7eea6d584":{"imageid":7,"priority":0,"scale":1.07794884443283},"b6ceba3b-b788-87b2-d191-2a7acef3bca9":{"imageid":6.0,"priority":2.0,"scale":1.12379222512245},"e1bda861-eb24-8e15-b650-0618c95c0330":{"imageid":0.0,"priority":0.0,"scale":0.782134467363357}}