{"1a3c3b62-a03c-d589-774e-3a71cf9cee0d":{"imageid":7,"priority":3,"scale":1.95717489123344},"202bf8ca-3300-c186-f903-a0cda657ef32":{"imageid":4,"priority":0,"scale":0.852427741885185},"22acbe66-e5a2-de88-8f25-8a1c72ef88bf":{"imageid":5,"priority":1,"scale":0.987052515149117},"22dd62b8-d3d9-003d-d12a-9145991d6aeb":{"imageid":1,"priority":1,"scale":1.06238898932934},"536b9cef-23e9-fd9f-e0a5-c734c995fb1a":{"imageid":3,"priority":3,"scale":1.00659809410572},"79d899d8-4971-debb-4ee1-d6309f7cccc0":{"imageid":8,"priority":0,"scale":1.95717489123344},"b6ceba3b-b788-87b2-d191-2a7acef3bca9":{"imageid":6,"priority":2,"scale":1.12379222512245},"e1bda861-eb24-8e15-b650-0618c95c0330":{"imageid":0,"priority":0,"scale":0.782134467363357},"fbf95adf-5f55-f929-68e2-46bf76490313":{"imageid":2,"priority":2,"scale":0.861812189221382}}
